title,author,score,url,time created
Megathread: House Votes to Impeach President Donald J. Trump,PoliticsModeratorBot,147738,https://www.reddit.com/r/politics/comments/ecm1zg/megathread_house_votes_to_impeach_president/,1576748173.0
"AOC challenges Trump to release his college transcript after he called her a 'poor student' on Fox News | 'You release your college transcript, I’ll release mine, and we’ll see who was the better student. Loser has to fund the Post Office,' New York congresswoman tweets",ohnoh18,146858,https://www.independent.co.uk/news/world/americas/us-politics/aoc-trump-college-transcript-student-fox-news-post-office-funding-ocasio-cortez-a9668911.html,1597358708.0
"Demands for Kushner to Resign Over 'Staggering' Level of 'Depravity' That Put Politics Before Public Health. ""Holy hell. Jared Kushner reportedly abandoned a national testing plan because it was *politically advantageous* to sit back and let blue states be eviscerated by the virus.""",DaFunkJunkie,128230,https://www.commondreams.org/news/2020/07/31/demands-kushner-resign-over-staggering-level-depravity-put-politics-public-health,1596239217.0
Over A million people sign petition calling for KKK to be declared a terrorist group,Fr1sk3r,127430,https://www.newsweek.com/kkk-petition-terrorist-group-million-1510419,1591987006.0
Trump Threatens to ‘Leave the Country’ if He Loses to Biden,ONE-OF-THREE,125588,https://www.thedailybeast.com/trump-threatens-to-leave-the-country-if-he-loses-to-biden,1602925738.0
Virginia governor makes Election Day a holiday and expands early voting,nclobo,124073,https://www.cnn.com/2020/04/12/politics/virginia-election-day-holiday-early-voting/index.html,1586751226.0
"FBI Asks for Evidence of Individuals Inciting Violence During Protests, People Respond With Videos of Police Violence",Captainstinkytits,119591,https://www.newsweek.com/fbi-asks-evidence-individuals-inciting-violence-during-protests-people-respond-videos-police-1508165,1591149232.0
"Video emerges showing Trump talking about cutting pandemic team in 2018, despite saying last week 'I didn't know about it'",Nihilist911,117580,https://www.independent.co.uk/news/world/americas/us-politics/coronavirus-video-trump-pandemic-team-cut-2018-a9405191.html,1584431739.0
Biden says he'd like live onscreen fact checks to combat Trump 'lies' during debates,ohnoh18,114261,https://www.independent.co.uk/news/world/americas/us-election/joe-biden-donald-trump-debate-onscreen-fact-check-ticker-a9702021.html,1599098791.0
Video of Lindsey Graham insisting Supreme Court vacancies should never be filled in election years goes viral,DaFunkJunkie,113894,https://www.independent.co.uk/news/world/americas/us-election/justice-ruth-bader-ginsburg-death-lindsey-graham-supreme-court-replacement-election-b498014.html,1600557197.0
Democratic nominee Joe Biden tests negative for coronavirus after potential exposure,iuthnj34,111889,https://www.cnbc.com/2020/10/02/democratic-nominee-joe-biden-tests-negative-for-coronavirus-after-potential-exposure.html?__source=iosappshare%7Ccom.apple.UIKit.activity.PostToTwitter,1601684201.0
"The Trump administration paid a bankrupt company with zero employees $55 million for N95 masks, which it's never manufactured",DaFunkJunkie,108268,https://www.businessinsider.com/fema-paid-bankrupt-company-no-employees-55-million-n95-masks-2020-4,1587085693.0
Japan is 'shocked' and furious at the US after a major coronavirus outbreak at 2 Marine bases in Okinawa — and says the US is not taking the virus seriously,StupendousMan1995,107797,https://www.businessinsider.com/coronavirus-outbreaks-us-marine-bases-in-japan-anger-authorities-2020-7,1594592587.0
"Bloomberg pays fines for 32,000 felons in Florida so they can vote",75dollars,107665,https://thehill.com/homenews/campaign/517522-bloomberg-pays-fines-for-32000-felons-in-florida-so-they-can-vote,1600811253.0
Removed US coronavirus vaccine director files stunning whistleblower complaint claiming warnings were ignored,grepnork,105465,https://www.independent.co.uk/news/world/americas/us-politics/rick-bright-complaint-read-coronavirus-whistleblower-trump-hydroxychloroquine-a9500586.html,1588735780.0
"James Mattis Denounces President Trump, Describes Him as a Threat to the Constitution",dingo8yobb,102378,https://www.theatlantic.com/politics/archive/2020/06/james-mattis-denounces-trump-protests-militarization/612640/,1591250565.0
Megathread: President Donald Trump announces he has tested positive for Coronavirus,PoliticsModeratorBot,102259,https://www.reddit.com/r/politics/comments/j3oozc/megathread_president_donald_trump_announces_he/,1601644548.0
"Kim Davis, clerk who refused to sign marriage licenses for gay couples, loses to Democrat",FuegoFerdinand,101992,https://www.kentucky.com/news/politics-government/article221121745.html,1541581375.0
"Chuck Schumer made sure businesses controlled by Trump, his family, and top US officials couldn't get money from the government's $2 trillion coronavirus bailout fund",DaFunkJunkie,101968,https://www.businessinsider.com/coronavirus-chuck-schumer-bars-trump-businesses-from-bailout-fund-2020-3,1585167599.0
"Bernie Sanders Becomes First Candidate, Democrat or Republican, to Win Popular Vote in All 3 Three Early Voting States",NewserUser,101082,https://www.newsweek.com/bernie-sanders-becomes-first-candidate-democrat-republican-win-popular-vote-all-3-three-early-1488638,1582504178.0
Megathread: Long-Concealed Records Show President Trump’s Losses and Years of Tax Avoidance,PoliticsModeratorBot,100977,https://www.reddit.com/r/politics/comments/j0zphm/megathread_longconcealed_records_show_president/,1601272512.0
Twitter bans posts wishing for Trump death. The Squad wonders where that policy was for them,nirad,100581,https://www.cnn.com/2020/10/03/politics/twitter-trump-policy-ban-the-squad-politics-trnd/index.html,1601786073.0
Biden says drug users should not be jailed as he admits crime bill was a mistake at town hall,armchairmegalomaniac,99501,https://www.independent.co.uk/news/world/americas/us-election-2020/joe-biden-town-hall-abc-crime-bill-legalize-drugs-trump-b1060889.html,1602839254.0
Trump threatens shut down social media platforms after Twitter put a disinformation warning on his false tweets,jgeorge20,99476,https://www.businessinsider.com/trump-threatens-shut-down-platforms-after-tweets-tagged-warning-2020-5,1590608761.0
Trump revealed highly classified information to Russian foreign minister and ambassador.,SQUEEEEEEEEEPS,99347,https://www.washingtonpost.com/world/national-security/trump-revealed-highly-classified-information-to-russian-foreign-minister-and-ambassador/2017/05/15/530c172a-3960-11e7-9e48-c4f199710b69_story.html,1494911002.0
"They. Sold. Their. Stock. They could have made a difference, but they made a profit.",jigsawmap,99228,https://www.nytimes.com/2020/03/20/opinion/burr-loeffler-stocks.html,1584738399.0
The FBI Just Put White Nationalists and Neo-Nazis on the Same Threat Level as ISIS,N0tAG00dUserName,98681,https://www.vice.com/en_us/article/3a8awn/the-fbi-just-put-white-nationalists-and-neo-nazis-on-the-same-threat-level-as-isis,1581045627.0
Pentagon to ban all Confederate flags on military bases despite Trump's objections,mahomatik,98637,https://www.independent.co.uk/news/world/americas/us-politics/confederate-flags-ban-pentagon-trump-military-bases-a9625211.html,1595028621.0
Trump claims in debate ‘Portland Sheriff’ gave him endorsement; Reese quickly responds: I ‘will never support him’,willywalloo,98620,https://www.oregonlive.com/politics/2020/09/trump-claims-in-debate-portland-sheriff-gave-him-endorsement-reese-quickly-responds-i-will-never-support-him.html,1601462666.0
"Opinion: If you’re ‘essential’ enough to work through a pandemic, you’re essential enough to be paid a living wage",LosIsosceles,97898,https://www.latimes.com/opinion/story/2020-03-30/essential-workers-coronavirus-amazon-instacart-trader-joes-living-wage,1585624829.0
AOC Condemns 'Misogynistic' Republicans for Not Criticizing Trump's $70K Hairstyling Write-Off While Attacking Her $250 Haircut,hildebrand_rarity,97597,https://www.newsweek.com/aoc-condemns-misogynistic-republicans-not-criticizing-trumps-70k-hairstyling-write-off-while-1534598,1601330271.0
Mitt Romney joins Black Lives Matter march in D.C.,coreydh11,96626,https://www.axios.com/mitt-romney-black-lives-matter-6ba2262b-59d2-43b6-863e-41fd163a2aa9.html,1591596033.0
Trump suggests injecting disinfectant to treat coronavirus and touts power of sunlight to beat disease,grepnork,96372,https://www.independent.co.uk/news/world/americas/us-politics/trump-coronavirus-inject-disinfectant-bleach-treatment-sunlight-a9481291.html,1587710911.0
"'A Conspiracy to Steal the Election, Folks': Alarms Sound After Postal Worker Reports Removal of Sorting Machines. The removal of key equipment from Post Offices should be viewed as nothing less than ""sabotage,"" said one observer.",Plymouth03,95750,https://www.commondreams.org/news/2020/08/12/conspiracy-steal-election-folks-alarms-sound-after-postal-worker-reports-removal,1597275736.0
"Trump Ordered Mueller Fired, but Backed Off When White House Counsel Threatened to Quit",71tsiser,95201,https://www.nytimes.com/2018/01/25/us/politics/trump-mueller-special-counsel-russia.html,1516958171.0
"Tulsa fire department says just under 6,200 people attended Trump rally",mresm,95180,https://www.axios.com/trump-tulsa-rally-turnout-19b3ee7b-44c4-41ad-8ec4-172ba6448ff6.html,1592774086.0
Demands for Trump Removal Grow as 'Fascist' Speech Condemned as Declaration of War Against US Public,maxwellhill,95103,https://www.commondreams.org/news/2020/06/02/demands-trump-removal-grow-fascist-speech-condemned-declaration-war-against-us,1591132884.0
Virginia will eliminate a state holiday honoring Robert E. Lee and Stonewall Jackson. It'll make Election Day a day off instead,nnnarbz,94237,https://www.cnn.com/2020/02/07/politics/virginia-ends-confederate-holiday-replace-election-day-trnd/index.html,1581114815.0
Trump: Americans Who Died in War Are ‘Losers’ and ‘Suckers’,HabitRage,93894,https://www.theatlantic.com/politics/archive/2020/09/trump-americans-who-died-at-war-are-losers-and-suckers/615997/,1599197906.0
"George W. Bush won't support Donald Trump’s reelection, report says",salvorhardin_BE,93879,https://www.texastribune.org/2020/06/06/george-w-bush-donald-trump/,1591526565.0
Donald Trump Called To Resign After Sleeping During Coronavirus Meeting: COVID19 Response A Failure,iggy555,93835,https://www.ibtimes.com/donald-trump-called-resign-after-sleeping-during-coronavirus-meeting-covid19-response-2943927,1584851424.0
Jon Stewart Goes Off On Congress During 9/11 Hearing,holyfruits,93532,https://www.youtube.com/watch?v=iQkMJgaHAkY,1560299415.0
FBI Finds ‘No Intel Indicating Antifa Involvement’ in Sunday’s Violence,DonaldJGromp,93368,https://www.thenation.com/article/activism/antifa-trump-fbi/,1591170431.0
Trump Explodes After Nevada Approves Automatically Sending All Voters Mail-In Ballots,Twoweekswithpay,93295,https://talkingpointsmemo.com/news/trump-explodes-after-nevada-approves-automatically-sending-all-voters-mail-in-ballots,1596487914.0
"Donald Trump's so-called 'miracle' coronavirus treatment was tested on cells derived from an abortion – The Trump administration has notably opposed medical research that uses fetal tissue from abortions, while knocking back numerous requests from scientists to work with it.",LineNoise,93267,https://www.sbs.com.au/news/donald-trump-s-so-called-miracle-coronavirus-treatment-was-tested-on-cells-derived-from-an-abortion,1602185821.0
Trump Just Admitted on Live Television He Will 'Terminate' Social Security and Medicare If Reelected in November,myztero,92480,https://www.commondreams.org/news/2020/08/08/trump-just-admitted-live-television-he-will-terminate-social-security-and-medicare?cd-origin=rss,1596956280.0
Clinton: 'Please do not take medical advice from a man who looked directly at a solar eclipse',Lixard52,92205,https://thehill.com/homenews/administration/489230-clinton-please-do-not-take-medical-advice-from-a-man-who-looked,1585097290.0
California bans private prisons – including Ice detention centers,segvcore,91628,https://www.theguardian.com/us-news/2019/sep/12/california-private-prison-ban-immigration-ice,1568340741.0
Warnings of Possible Cover-Up in Progress as Trump Orders Hospitals to Stop Sending Covid-19 Data to CDC,Innocul8,91592,https://www.commondreams.org/news/2020/07/15/warnings-possible-cover-progress-trump-orders-hospitals-stop-sending-covid-19-data,1594836588.0
Robert E. Lee high school in Virginia gets a name change: It's now John R. Lewis,Taher6168,91261,https://www.usatoday.com/story/news/education/2020/07/23/john-lewis-new-name-fairfax-virginia-robert-e-lee-high-school/5498267002/,1595577537.0
"People who follow Trump's advice and hang around watching polling places will be prosecuted, Nevada's attorney general says",animositisomina35,91092,https://www.businessinsider.com/nevada-attorney-general-prosecute-people-watching-polls-trump-suggestion-2020-9,1601501363.0
Washington state radio station won't air Trump briefings because of 'false or misleading information',TheGamerDanYT,91035,https://thehill.com/blogs/blog-briefing-room/489439-seattle-radio-station-wont-air-trump-briefings-because-of-false-or,1585182027.0
"Postal workers union endorses Biden, warns 'survival' of USPS at stake",burning_dawn,90916,https://www.nbcnews.com/politics/2020-election/postal-workers-union-endorses-biden-warns-survival-usps-stake-n1236768,1597454006.0
Anthony Fauci calls out “extraordinary stigma” gays face while standing right in front of Mike Pence,Cyke101,90665,https://www.lgbtqnation.com/2020/04/anthony-fauci-calls-extraordinary-stigma-gays-face-standing-right-front-mike-pence/,1586415233.0
Joe Biden's Gettysburg speech was 25 minutes long and didn't mention Trump once,redwineandbeer,90432,https://www.newsweek.com/joe-biden-gettysburg-trump-1536974,1602100796.0
House Schedules Historic Vote on Decriminalizing Marijuana at the Federal Level,Twoweekswithpay,90290,https://lawandcrime.com/high-profile/house-schedules-historic-vote-on-legalizing-marijuana-at-federal-level/,1598678443.0
Trump's 'Don't be afraid of COVID' tweet may be the most irresponsible one in history,danielnewton1221,90047,https://www.azcentral.com/story/entertainment/media/2020/10/05/trump-fear-covid-tweet/3629483001/,1601964092.0
Sanders: 'I never expected in my life as an American to see a swastika at a major political rally',Thinkingonsleeping,89958,https://thehill.com/homenews/campaign/486487-sanders-i-never-expected-in-my-life-as-an-american-to-see-a-swastika-at-a,1583704857.0
Ivanka Trump used a personal email account to send hundreds of emails about government business last year,Bloodbath-McGrath,89836,https://www.washingtonpost.com/politics/ivanka-trump-used-a-personal-email-account-to-send-hundreds-of-emails-about-government-business-last-year/2018/11/19/6515d1e0-e7a1-11e8-a939-9469f1166f9d_story.html,1542699344.0
Minnesota Officials Link Arrested Looters to White Supremacist Groups,2020isadumpsterfire,89668,https://www.courthousenews.com/minnesota-officials-link-arrested-looters-to-white-supremacist-groups/?utm_source=rss&utm_medium=rss&utm_campaign=minnesota-officials-link-arrested-looters-to-white-supremacist-groups,1590895843.0
"Fed should pay every American more, let hedge funds and billionaires ‘get wiped out,’ says Social Capital CEO | ‘What we’ve done is disproportionately prop up poor-performing CEOs and boards,’ Chamath Palihapitiya tells CNBC",viva_la_vinyl,89469,https://www.marketwatch.com/story/fed-should-pay-every-american-more-let-hedge-funds-and-billionaires-get-wiped-out-says-social-capital-ceo-2020-04-09,1586547163.0
Democrats prepare bill limiting U.S. Supreme Court justice terms to 18 years,eagle16,89420,https://www.reuters.com/article/us-usa-court-termlimits/democrats-prepare-bill-limiting-u-s-supreme-court-justice-terms-to-18-years-idUSKCN26F3L3,1601014384.0
GOP Lawmaker Who Voted Against Paid Sick Leave in Florida Takes Paid Leave From Congress,koavf,89258,https://theintercept.com/2020/03/12/matt-gaetz-florida-paid-sick-leave-coronavirus/,1584082126.0
Alexandria Ocasio-Cortez To Co-Sponsor House Bill Banning Members Of Congress From Trading Stocks,roku44,89148,https://www.newsweek.com/alexandria-ocasio-cortez-co-sponsor-house-bill-banning-members-congress-trading-stocks-1493851,1585033769.0
"Trump refuses to denounce white supremacy, says 'stand back and stand by' on Proud Boys movement",Zhana-Aul,88996,https://thehill.com/homenews/campaign/518871-trump-refuses-to-denounce-white-supremacy-says-stand-back-and-stand-by-on,1601462613.0
Don't trust presidential polls that show huge leads for Joe Biden. The race isn't over.,SenorBurns,88857,https://www.azcentral.com/story/opinion/op-ed/greg-moore/2020/10/10/polls-showing-huge-joe-biden-leads-misleading/5916004002/,1602363941.0
Anonymous security forcing citizens into cars is mark of dictatorship,Xeelee1123,88821,https://edition.cnn.com/2020/07/18/opinions/portland-anonymous-security-forces-mark-of-dictatorship-ghitis/index.html,1595114535.0
Anonymous Source Tells Times Reporter Don Jr. Is Worried His Father Will Lose And Whole Family Will Be Prosecuted,freddiethebaer,88358,https://politicaltribune.org/anonymous-source-tells-times-reporter-don-jr-is-worried-his-father-will-lose-and-whole-family-will-be-prosecuted/,1598329936.0
A petition calling for FCC Chairman Ajit Pai to resign is racking up huge numbers,mixplate,88278,https://www.dailydot.com/layer8/we-the-petition-ajit-pai-net-neutrality/,1511758798.0
Megathread: Trump says he deliberately played down the threat of Coronavirus in recorded interview with Bob Woodward,PoliticsModeratorBot,88019,https://www.reddit.com/r/politics/comments/ipk2w9/megathread_trump_says_he_deliberately_played_down/,1599700018.0
Trump claims coronavirus is ‘going to just disappear’ as US sees record number of new cases,ohnoh18,87889,https://www.independent.co.uk/news/world/americas/trump-coronavirus-cases-us-fox-news-interview-today-covid-a9596631.html,1593660774.0
F.B.I. Opened Inquiry Into Whether Trump Was Secretly Working on Behalf of Russia,Eurynom0s,87836,https://www.nytimes.com/2019/01/11/us/politics/fbi-trump-russia-inquiry.html,1547284868.0
The FCC’s craven net neutrality vote announcement makes no mention of the 22 million comments filed,wonderingsocrates,87637,https://techcrunch.com/2017/11/21/the-fccs-craven-net-neutrality-vote-announcement-makes-no-mention-of-the-22-million-comments-filed/,1511322336.0
"Donald Trump Has At Least $1 Billion In Debt, More Than Twice The Amount He Suggested",Facerealityalready,87460,https://www.forbes.com/sites/danalexander/2020/10/16/donald-trump-has-at-least-1-billion-in-debt-more-than-twice-the-amount-he-suggested/#3c9b83534330,1602891459.0
Poll: 57% of voters say US political system works only for insiders with money & power,grepnork,87040,https://thehill.com/hilltv/what-americas-thinking/490458-poll-57-of-voters-say-us-political-system-works-only-for,1585717488.0
'I don't kid': Trump contradicts aides and insists he meant it when he asked for coronavirus testing to be slowed down,SunOverSnowPlease,86747,https://www.independent.co.uk/news/world/americas/us-politics/trump-coronavirus-testing-slow-down-press-conference-today-arizona-a9581306.html,1592949850.0
Trump says he wishes accused sex trafficker Ghislaine Maxwell well and has 'met her numerous times',wrtChase,86569,https://www.independent.co.uk/news/world/americas/us-politics/trump-ghislaine-maxwell-prince-andrew-jeffrey-epstein-sex-trafficking-a9631351.html,1595396639.0
"Trump is refusing to unveil Obama's portrait at the White House, breaking a 40-year tradition",geoxol,86519,https://www.businessinsider.com/trump-refusing-to-unveil-obama-portrait-at-the-white-house-2020-5,1589927954.0
The biggest question Twitter users have from the debate: Can we mute the mics next time? The president interrupted both the moderator and Biden at least 128 times.,1PositiveKarma1,86488,https://www.dailydot.com/debug/mute-mics-presidential-debate/,1601510184.0
"Trump said the 1918 Spanish Flu 'probably ended' WWII, which did not begin until 21 years after the pandemic",The-Autarkh,86353,https://www.businessinsider.com/trump-spanish-flu-probably-ended-wwii-began-decades-later-2020-8,1597132800.0
Trump administration hands emergency loans to Kanye West and Church of Scientology as small businesses go bust,aktivate74,86322,https://www.independent.co.uk/news/world/americas/us-politics/kanye-west-ppp-loan-yeezy-scientology-trump-business-pandemic-a9605291.html,1594151115.0
"White House ordered NIH to cancel coronavirus research funding, Fauci says",gregcoit,86029,https://arstechnica.com/science/2020/06/white-house-ordered-nih-to-cancel-coronavirus-research-funding-fauci-says/,1593070721.0
It's time to start handing out fines to people who refuse to wear masks,DaFunkJunkie,85654,https://www.businessinsider.com/fines-needed-people-dont-wear-masks-covid-19-coronavirus-2020-7,1596408086.0
Debates commission plans to cut off mics if Trump or Biden break rules,Rex_Scorpio,85579,https://www.cbsnews.com/amp/news/presidential-debates-rules-changes-cutting-microphones/,1601582904.0
AOC says coronavirus bailout should ban stock buybacks — especially for airlines,jigsawmap,85317,https://www.nydailynews.com/coronavirus/ny-coronavirus-aoc-ocasio-cortez-airlines-20200317-tfuage23jvdaxn6mhlueeahw4q-story.html,1584511775.0
Feds say plot was bigger than kidnapping Gov. Whitmer. It was civil war attempt.,Cameliano,85254,https://www.freep.com/story/news/local/michigan/2020/10/08/whitmer-wolverine-watchmen-militia-michigan/5924617002/,1602225934.0
McConnell blocks House bill to reopen government for second time,emitremmus27,85239,https://thehill.com/homenews/senate/425414-mcconnell-blocks-house-bill-to-reopen-government-for-second-time,1547598845.0
"Trump’s attacks on the Postal Service deserve sustained, red-alert coverage from the media",TJ_SP,84926,https://www.washingtonpost.com/lifestyle/media/trumps-attacks-on-the-postal-service-deserve-sustained-red-alert-coverage-from-the-media/2020/08/14/6eac0e50-de2f-11ea-8051-d5f887d73381_story.html,1597519159.0
"Twitter CEO Jack Dorsey Responds to Trump: ""We’ll Continue to Point Out Incorrect or Disputed Information About Elections""",jigsawmap,84818,https://www.hollywoodreporter.com/news/twitter-ceo-jack-dorsey-responds-trump-1296173,1590663962.0
Swalwell calls for creation of presidential crimes commission to investigate Trump when he leaves office,austinexpat_09,84791,https://thehill.com/homenews/house/512140-swalwell-calls-for-creation-of-presidential-crimes-commission-to-investigate,1597480854.0
"We Calculated How Much We Pay Trump to Play Golf. It Turns Out, He's America's 10th Highest Paid Athlete",idaell,84676,https://www.theroot.com/we-calculated-how-much-we-pay-trump-to-play-golf-it-tu-1841793634,1582185887.0
The Trump Campaign Accepted Russian Help to Win in 2016. Case Closed.,mepper,84475,https://www.nytimes.com/2020/08/19/opinion/trump-russia-2016-report.html,1597916644.0
Megathread: President Trump Directed His Attorney To Lie To Congress About The Moscow Tower Project,PoliticsModeratorBot,84473,https://www.reddit.com/r/politics/comments/ah6gxc/megathread_president_trump_directed_his_attorney/,1547812614.0
"Ohio city to stop observing Columbus Day, make Election Day holiday instead",emitremmus27,84464,https://thehill.com/homenews/state-watch/428808-ohio-city-to-stop-observing-columbus-day-make-election-day-a-holiday,1549515632.0
Trump administration accused of siphoning money away from 9/11 fund,mistakes_maker,84343,https://www.independent.co.uk/news/world/americas/us-politics/trump-911-fund-treasury-department-world-trade-center-anniversary-b421982.html,1599860764.0
U.S. Intelligence Says Republicans Are Working With Russia to Reelect Trump,TJ_SP,84248,https://nymag.com/intelligencer/2020/08/russia-ukraine-trump-biden-intelligence-foreign-interference-election.html,1596863780.0
Colorado governor stands by saying 'you're a selfish bastard' if you refuse to wear a mask,Lixard52,84232,https://thehill.com/homenews/state-watch/507384-colorado-governor-stands-by-saying-youre-a-selfish-bastard-if-you-refuse,1594802851.0
Megathread: Bernie Sanders ends 2020 Democratic presidential bid,PoliticsModeratorBot,84113,https://www.reddit.com/r/politics/comments/fx8hga/megathread_bernie_sanders_ends_2020_democratic/,1586388573.0
Trump press secretary Kayleigh McEnany tests positive for coronavirus,slaysia,84057,https://www.cnbc.com/2020/10/05/trump-press-secretary-kayleigh-mcenany-tests-positive-for-coronavirus.html,1601940548.0
The Republicans who were once so pro-life they fought over one woman on life support now want to sacrifice grandma for the economy,DaFunkJunkie,84009,https://www.independent.co.uk/voices/terri-schiavo-coronavirus-obama-george-bush-sarah-palin-cares-act-pro-life-trump-a9482671.html,1587850024.0
"Covid: Seven year old dies of coronavirus in Georgia, a day after Trump said children are ‘almost immune’",Balls_of_Adamanthium,83927,https://www.independent.co.uk/news/world/americas/covid-child-death-georgia-youngest-coronavirus-case-trump-children-immune-a9659641.html,1596841777.0
"In secretly recorded audio, President Trump’s sister says he has ‘no principles’ and ‘you can’t trust him’",rollwave21,83735,https://www.washingtonpost.com/politics/maryanne-trump-barry-secret-recordings/2020/08/22/30d457f4-e334-11ea-ade1-28daf1a5e919_story.html,1598170223.0
"Amy McGrath Takes Narrow Lead Over Mitch McConnell in Kentucky Senate Race, Poll Shows",jigsawmap,83523,https://www.newsweek.com/amy-mcgrath-takes-narrow-lead-over-mitch-mcconnell-kentucky-senate-race-poll-shows-1509691,1591745404.0
Alexandria Ocasio-Cortez Says Lawmakers Should Lose Their Salaries Too When They Shut Down the Government,RationalAnon,83426,https://www.newsweek.com/alexandria-ocasio-cortez-says-lawmaker-should-lose-salaries-too-during-1269591,1545535601.0
Trump Spreads Baseless Conspiracy Theory That Video of Buffalo Cops Pushing Elderly Man Was Antifa ‘Set Up’,ohheyitsdeejay,83389,https://www.thedailybeast.com/trump-spreads-baseless-conspiracy-theory-that-video-of-buffalo-cops-pushing-elderly-man-was-antifa-set-up,1591736039.0
Alexandria Ocasio-Cortez called for Sen. Richard Burr's resignation after he reportedly sold off $1.7 million in stocks after reassuring the public of US preparedness during the coronavirus outbreak,jigsawmap,83356,https://www.businessinsider.com/aoc-burr-resign-sold-stock-before-markets-fell-coronavirus-2020-3,1584701782.0
"Trump and his company being investigated for bank fraud, Manhattan prosecutors suggest",MitzieTidwell,83312,https://www.independent.co.uk//news/world/americas/us-politics/trump-bank-fraud-cyrus-vance-manhattan-district-attorney-michael-cohen-mazars-a9652101.html,1596503525.0
McConnell's Wife's Family Business Appears on Trump Admin's List of Companies That Received Most PPP Money,hildebrand_rarity,83290,https://www.newsweek.com/mcconnells-wifes-family-business-appears-trump-admins-list-companies-that-received-most-ppp-1515788,1594103271.0
Sanders Joins Calls for Resignation or Removal of Postmaster General Over Efforts to 'Suppress the Vote and Undermine Democracy',chrisdh79,83142,https://www.commondreams.org/news/2020/08/11/sanders-joins-calls-resignation-or-removal-postmaster-general-over-efforts-suppress,1597169056.0
"As Trump Says 'Voting Is An Honor' in Rant Against Mail-In Ballots, Progressives Respond: 'Voting Is a Right' - ""Voting isn't a gift given by leaders. Citizens have the right to vote.""",Pomp_N_Circumstance,83138,https://www.commondreams.org/news/2020/05/21/trump-says-voting-honor-rant-against-mail-ballots-progressives-respond-voting-right,1590088117.0
'A Red Line Crossed': Nationwide Protests Declared for Thursday at 5PM After Jeff Sessions Fired,WagTheKat,82863,https://www.commondreams.org/news/2018/11/07/red-line-crossed-nationwide-protests-declared-thursday-5pm-after-jeff-sessions-fired,1541666362.0
House Democrat Introduces Resolution Calling for Impeachment of Attorney General William Barr,Sprinklys,82694,https://www.c-span.org/video/?c4890261/house-democrat-introduces-resolution-calling-impeachment-attorney-general-william-barr,1593583671.0
"Bernie Sanders: “President Trump is a socialist, too, but here’s the difference: The difference between my socialism and Trump’s socialism is I believe the government should help working families, not billionaires.”",nnnarbz,82495,https://www.marketwatch.com/story/bernie-sanders-president-trump-is-a-socialist-too-but-heres-the-difference-2020-02-09,1581309679.0
"Poll: USPS should be run like a public service, not a business, Americans say 2-to-1",CapitalCourse,82330,https://www.washingtonpost.com/business/2020/09/28/usps-poll-vote-by-mail-public-service-business/,1601359175.0
Louisville police chief fired after no body camera footage of shooting,107reasonswhy,82276,https://www.wdrb.com/in-depth/louisville-police-chief-fired-after-no-body-camera-footage-of-shooting/article_faa2ba10-a443-11ea-9309-c39cfd65671a.html,1591071733.0
"Trump flew into a rage every time US intelligence warned him about Russia, so officials gave up briefing him on it, report says",grepnork,82063,https://www.businessinsider.com/trump-got-angry-if-warned-about-russia-so-officials-avoided-2020-7,1593717378.0
"Biden says Trump was ‘paralysed with fear’ by protests and hid ‘in his bunker’ in new campaign ad | ‘Too scared to face the people. Too small to meet the moment. Too weak to lead,’ narrator says",hildebrand_rarity,82006,https://www.independent.co.uk/news/world/americas/us-election/joe-biden-trump-ad-bunker-george-floyd-protests-2020-election-a9563106.html,1592006230.0
The FCC has unveiled its plan to repeal its net neutrality rules,sureillberightthere,81988,https://www.washingtonpost.com/news/the-switch/wp/2017/11/21/the-fcc-has-unveiled-its-plan-to-rollback-its-net-neutrality-rules/?pushid=5a14525ab0a05c1d00000038&tidr=notifi_push_breaking-news&utm_term=.bc1288927ad0,1511310079.0
"Rudy Giuliani Is My Father. Please, Everyone, Vote for Joe Biden and Kamala Harris.",GhostfromTexas,81806,https://www.vanityfair.com/style/2020/10/rudy-giulianis-daughter-on-voting-for-biden,1602813414.0
Arresting reporters at a protest is an affront to the First Amendment,hildebrand_rarity,81761,https://www.cnn.com/2020/05/29/media/reporters-arrest-minneapolis-first-amendment/index.html,1590781908.0
Vice President Mike Pence and Wife Voted by Mail in April Using Old Indiana Address,ohnoh18,81552,https://www.thedailybeast.com/vice-president-mike-pence-and-wife-voted-by-mail-in-april-using-old-indiana-address?source=cheats&via=rss,1592880047.0
"Trump asked China’s Xi to help him win reelection, according to Bolton book",jigsawmap,81479,https://www.washingtonpost.com/politics/trump-asked-chinas-xi-to-help-him-win-reelection-according-to-bolton-book/2020/06/17/d4ea601c-ad7a-11ea-868b-93d63cd833b2_story.html,1592448656.0
"Billionaire Kanye West’s Company Gets Multimillion-Dollar PPP Loan From Trump Admin | The loan poses questions of conflict of interest, given West’s outspoken support for President Donald Trump and the outrageously lavish lifestyle he leads.",ohnoh18,81205,https://www.thedailybeast.com/billionaire-kanye-wests-company-yeezy-llc-gets-multimillion-dollar-ppp-loan-from-trump-admin?utm_source=feedly&utm_medium=webfeeds,1594090498.0
Snoop Dogg Plans to Vote for First Time Ever: 'I Can't Stand to See This Punk in Office',hilltopye,81197,https://people.com/music/snoop-dogg-to-vote-for-first-time-2020/,1591511669.0
"Sorry to Interrupt Your Friday, but Homeland Security is Disappearing American Citizens Off the Street | Law and Order, but Minus the Law.",TrumpyBoneSpurs,81192,https://abovethelaw.com/2020/07/sorry-to-interrupt-your-friday-but-homeland-security-is-disappearing-american-citizens-off-the-street/,1595043374.0
Lawmakers Demand Removal of Postmaster General DeJoy Over 'Nefarious' Efforts to Destroy the Postal Service and 'Aid Trump Reelection',melinda2020,81189,https://www.commondreams.org/news/2020/08/10/lawmakers-demand-removal-postmaster-general-dejoy-over-nefarious-efforts-destroy,1597082168.0
"Stacey Abrams on long lines to vote: ""It’s a Poll Tax when someone has to risk an entire day’s wage""",swingadmin,81037,https://www.msnbc.com/msnbc/watch/stacey-abrams-on-long-lines-to-vote-it-s-a-poll-tax-when-someone-has-to-risk-an-entire-day-s-wage-86941253741,1593804777.0
"Over 860,000 Americans Have Already Voted, Compared to Fewer Than 10,000 by This Point in 2016",grepnork,80882,https://www.newsweek.com/over-860000-americans-have-already-voted-compared-fewer-10000-this-point-2016-1534452,1601170506.0
Resurfaced Video Shows Bernie Sanders Criticizing Media for Not Covering Climate Change in 1989,thesesforty-three,80844,https://ijr.com/resurfaced-video-bernie-sanders-climate-change-1989/,1552208243.0
"H.Res.755 - Impeaching Donald John Trump, President of the United States, for high crimes and misdemeanors",News2016,80818,https://www.congress.gov/bill/116th-congress/house-resolution/755/text,1576142278.0
"Joe Biden Tests Negative Again for COVID-19, Days After Trump Is Diagnosed",Ketsetri,80693,https://www.thedailybeast.com/joe-biden-tests-negative-again-for-covid-19-days-after-trump-is-diagnosed?source=articles&via=rss,1601883096.0
'I Don't Care': Trump Responds To Intel That Russia Is Working To Get Him Elected Again,Fr1sk3r,80590,https://www.huffpost.com/entry/trump-russia-intelligence-election-warning_n_5f2e1587c5b64d7a55f3a44a,1596920141.0
Lawyers: Watergate Reporter Got Trump on Tape Admitting ‘Clearly Impeachable Offense’,Twoweekswithpay,80540,https://lawandcrime.com/high-profile/lawyers-watergate-reporter-gets-trump-on-tape-admitting-clearly-impeachable-offense/,1599711839.0
"House Speaker Nancy Pelosi says the country must move toward vote by mail, setting up a fight with Trump",esteban-was-eaten,80420,https://www.cnbc.com/2020/03/31/coronavirus-update-pelosi-says-country-must-move-to-vote-by-mail-taking-aim-at-trump.html,1585696987.0
Ruth Bader Ginsburg discharged from the hospital and doing well,TheWoodworkher,80352,https://www.cnn.com/2020/07/15/politics/ruth-bader-ginsburg-home-from-hospital/index.html,1594873519.0
Megathread: CEO Jack Dorsey says Twitter has decided to ban all political ads by candidates and outside groups,PoliticsModeratorBot,80340,https://www.reddit.com/r/politics/comments/dpckgv/megathread_ceo_jack_dorsey_says_twitter_has/,1572497141.0
"'He Must Resign': Attorney General Barr Personally Ordered Police Assault on Peaceful DC Protesters, Report Says",Gumwars,80319,https://www.commondreams.org/news/2020/06/02/he-must-resign-attorney-general-barr-personally-ordered-police-assault-peaceful-dc,1591158464.0
Biden: Military will escort Trump out of White House if he loses election and refuses to leave,qdude1,80302,https://www.washingtonexaminer.com/news/biden-says-military-will-escort-trump-out-of-white-house-if-he-loses-election-and-refuses-to-leave,1591905704.0
[Megathread] NY Attorney General Moves to Dissolve the NRA After Fraud Investigation,PoliticsModeratorBot,80216,https://www.reddit.com/r/politics/comments/i4ulnr/megathread_ny_attorney_general_moves_to_dissolve/,1596759028.0
Bernie Sanders Says It Is 'Nauseating' to See Corporations Praise Frontline Workers as 'Heroes' While Refusing to Pay Them More,Innocul8,80155,https://www.commondreams.org/news/2020/05/22/bernie-sanders-says-it-nauseating-see-corporations-praise-frontline-workers-heroes,1590169240.0
Sanders raises over $2 million for coronavirus relief effort,grepnork,80090,https://thehill.com/homenews/campaign/488780-sanders-raises-over-2-million-for-coronavirus-relief-effort,1584824603.0
Trump says he hopes George Floyd 'looking down' and seeing today’s jobs numbers as 'a great day for him',Austin63867,79783,https://www.independent.co.uk/news/world/americas/us-politics/trump-george-floyd-press-conference-today-job-numbers-a9551426.html,1591399010.0
Amnesty International: U.S. police must end militarized response to protests,deliberative23,79500,https://www.axios.com/protests-police-unrest-response-george-floyd-2db17b9a-9830-4156-b605-774e58a8f0cd.html,1590957197.0
Ocasio-Cortez to introduce bill requiring federal officers to identify themselves,rebelliousmuse,79095,https://thehill.com/homenews/house/508263-ocasio-cortez-to-introduce-bill-requiring-federal-officers-to-identify,1595366964.0
Sen. Mitt Romney Calls Trump's Decision to Commute Roger Stone's Sentence 'Historic Corruption',coffeespeaking,79083,https://time.com/5865809/mitt-romney-trump-roger-stone/?amp=true,1594546013.0
Trump Tweets Video Declaring That ‘The Only Good Democrat Is A Dead Democrat’,ProllyPolly2,78818,https://talkingpointsmemo.com/news/trump-tweets-video-saying-that-the-only-good-democrat-is-a-dead-democrat,1590704513.0
Leaked audio: Trump adviser says Republicans 'traditionally' rely on voter suppression,nnnarbz,78815,https://www.ctvnews.ca/mobile/world/leaked-audio-trump-adviser-says-republicans-traditionally-rely-on-voter-suppression-1.4739219,1576907126.0
One million Americans have already cast 2020 vote in ‘historic’ early voting surge,rebelliousmuse,78553,https://www.independent.co.uk/news/world/americas/us-election/early-voting-2020-us-presidential-election-trump-biden-b675330.html,1601346265.0
Senate Passes Bill to Save Net Neutrality,zuppo,78528,https://www.popularmechanics.com/technology/infrastructure/a20717377/senate-net-neutrality-vote-2018/,1526529105.0
"'Trump warns presidential election result may not be known for 'years,' as allegations grow he's undermining the USPS to rig the election",viva_la_vinyl,78399,https://www.businessinsider.com/trump-election-result-take-years-as-usps-attack-fears-grow-2020-8,1597606412.0
Trump walks out of press conference after altercation with female reporters,Sink-Em-Low,78258,https://www.independent.co.uk/news/world/americas/us-politics/trump-press-conference-today-coronavirus-white-house-live-a9509476.html,1589261778.0
Confederate Statues and Other Symbols of Racism All Over the Country Were Destroyed by Protesters This Weekend,N0tAG00dUserName,78208,https://www.vice.com/en_us/article/n7wbxk/confederate-statues-and-other-symbols-of-racism-all-over-the-country-were-destroyed-by-protesters-this-weekend,1591050418.0
The Anarchist Daughter of the GOP's Gerrymandering Mastermind Just Dumped All His Maps and Files on Google Drive,shill_hunter_x,78177,https://www.vice.com/en_us/article/pked4v/the-anarchist-daughter-of-the-gops-gerrymandering-mastermind-just-dumped-all-his-maps-and-files-on-google-drive,1578361160.0
"Trump’s campaign is trying to remove a video of him appearing to call the coronavirus a ‘hoax,’ saying it’s misleading",mcoder,78087,https://www.businessinsider.com/trump-campaign-remove-video-saying-coronavirus-hoax-2020-3,1585256887.0
Sen. Kelly Loeffler sold at least $18 million more in stocks before the coronavirus crash than previously reported,bluestblue,78053,https://www.vox.com/policy-and-politics/2020/4/1/21202900/kelly-loeffler-stock-sales-coronavirus-pandemic,1585798050.0
CNN and other news organizations were blocked Friday from a White House press briefing.,Inquitus,78015,http://money.cnn.com/2017/02/24/media/cnn-blocked-white-house-gaggle/,1487992329.0
The President Just Admitted in Court He Ran a Crooked Charity and We're All Just Gonna Shrug It Off?,TheGamerDanYT,77881,https://www.esquire.com/news-politics/a30208282/trump-admit-crooked-charity-pay-2-million/,1576201984.0
Dolly Parton statue may replace KKK leader monument at the Tennessee capitol,johntempleton,77879,https://abc3340.com/news/local/dolly-parton-statue-may-replace-kkk-leader-memorial-at-the-tennessee-capitol,1592213384.0
Fox anchor who dismissed coronavirus fears as plot to impeach Trump is removed from her prime-time slot,MemweatherDangle,77866,https://www.independent.co.uk/news/world/americas/coronavirus-trump-fox-business-trish-regan-removed-impeachment-conspiracy-a9403011.html,1584310097.0
Protestors gather outside USPS Postmaster General's home amid voter suppression allegations,nandacast,77631,https://www.wusa9.com/mobile/article/news/local/protests/protesters-gather-outside-of-usps-postmaster-generals-home-in-dc/65-39520008-e633-4865-933c-ab6572c2d3b1,1597525203.0
"Sanders Says If Israel Wants to Ban Members of Congress, It Should Not Receive Billions in US Military Aid",chris-jjj,77520,https://www.commondreams.org/news/2019/08/16/sanders-says-if-israel-wants-ban-members-congress-it-should-not-receive-billions-us,1565978804.0
Poll: 82 percent of voters support a national face mask mandate,PandaMuffin1,77521,https://thehill.com/hilltv/what-americas-thinking/510317-poll-82-percent-of-voters-support-a-national-mask-mandate,1596516098.0
Fox News Anchor: ‘Conservatives’ Heads Would've Exploded’ if Obama Claimed ‘Total’ Authority,dingo8yobb,77252,https://www.thedailybeast.com/fox-news-anchor-bret-baier-says-conservatives-heads-wouldve-exploded-if-obama-claimed-total-authority,1586920212.0
Andrew Yang overtakes Pete Buttigieg to become fourth most favored primary candidate: Poll,ZachandMattShow,77074,https://www.newsweek.com/andrew-yang-fourth-most-favored-candidate-buttigieg-poll-1478990,1577219498.0
Jewish leaders tell Trump he's not welcome in Pittsburgh until he denounces white nationalism,slingtarp,76975,https://thehill.com/homenews/administration/413558-jewish-leaders-say-trumps-not-welcome-in-pittsburgh-until-he,1540797105.0
Christie Called a Hypocrite For Seeking COVID Treatment After Saying People Were 'Gonna Have To' Accept Deaths,hammadurb,76955,https://www.newsweek.com/chris-christie-hypocrite-hospital-coronavirus-1536243,1601848512.0
"Leaked Draft of Trump Executive Order to 'Censor the Internet' Denounced as Dangerous, Unconstitutional Edict",Bakedschwarzenbach,76934,https://www.commondreams.org/news/2019/08/11/leaked-draft-trump-executive-order-censor-internet-denounced-dangerous,1565564266.0
All References to Climate Change Have Been Deleted From the White House Website,dangzal,76797,https://motherboard.vice.com/read/all-references-to-climate-change-have-been-deleted-from-the-white-house-website,1484963017.0
"'The President Just Committed a Felony': Trump Tells NC Residents to Vote Twice, Openly Encouraging Voter Fraud",chrisdh79,76736,https://www.commondreams.org/news/2020/09/03/president-just-committed-felony-trump-tells-nc-residents-vote-twice-openly,1599153915.0
Kellyanne Conway Tests Positive for COVID-19,aktivate74,76477,https://www.thedailybeast.com/kellyanne-conway-tests-positive-for-covid-19,1601720486.0
"‘In the middle of a pandemic, they’re selling beans’: Chris Cuomo blasts Trump for hawking Goya",Creddit999,76452,https://www.washingtonpost.com/nation/2020/07/16/cuomo-trump-goya/,1594927670.0
Pelosi says she'd be comfortable with Sanders at top of ticket,jdickman78,76418,https://thehill.com/homenews/house/484699-pelosi-confirms-that-shed-be-comfortable-with-sanders-at-top-of-ticket,1582761535.0
"To End 'Unconstitutional Nightmare,' ACLU Sues Trump Administration Over Use of Secret Police in Portland",Innocul8,76387,https://www.commondreams.org/news/2020/07/18/end-unconstitutional-nightmare-aclu-sues-trump-administration-over-use-secret-police,1595098182.0
Bernie Sanders details Trump's efforts to steal election in urgent call to action,Captainstinkytits,76318,https://www.independent.co.uk/news/world/americas/us-election/bernie-sanders-donald-trump-2020-election-joe-biden-b578294.html,1600998388.0
"Stephen Miller rejects claim grandmother died of COVID — Stephen Miller, a top adviser to President Donald Trump, is insisting his grandmother did not die of the coronavirus, despite a death certificate that states otherwise.",a_very_nice_username,76222,https://www.jpost.com/diaspora/stephen-miller-rejects-claim-grandmother-died-of-covid-636188,1595622166.0
Democratic presidential nominee Biden tests negative for COVID-19,cyclinginvancouver,76216,https://www.reuters.com/article/us-usa-election-biden-test-idUSKBN26V0UT,1602386643.0
"Fox News reported Trump 'never said' that dead US troops were 'losers,' but the network's national security correspondent confirmed he did",ohnoh18,76044,https://www.businessinsider.com/fox-news-correspondent-confirms-trump-said-dead-us-troops-losers-2020-9,1599286941.0
House votes 420-0 to make Mueller's report public,TheWeekMag,76014,https://theweek.com/speedreads/829157/house-votes-4200-make-muellers-report-public,1552604992.0
'What we saw was terrifying': Former senior Trump official Miles Taylor endorses Joe Biden in damning video,stem12345679,75923,https://www.independent.co.uk/news/world/americas/us-politics/miles-taylor-video-donald-trump-dhs-biden-2020-election-border-a9675001.html,1597722357.0
"Taylor Swift Blasts Trump for ""Shooting"" Tweet: ""We Will Vote You Out in November. After stoking the fires of white supremacy and racism your entire presidency, you have the nerve to feign moral superiority before threatening violence?"" the singer wrote.",jigsawmap,75914,https://www.hollywoodreporter.com/news/taylor-swift-blasts-trump-shooting-tweet-we-will-vote-you-november-1296418,1590796308.0
"Sanders Applauds New Medicare for All Study: Will Save Americans $450 Billion and Prevent 68,000 Unnecessary Deaths Every Year",Bernie-Standards,75892,https://www.commondreams.org/news/2020/02/15/sanders-applauds-new-medicare-all-study-will-save-americans-450-billion-and-prevent,1581842824.0
Biden releases 2019 tax returns hours before first presidential debate,DaFunkJunkie,75868,https://thehill.com/homenews/campaign/518757-biden-releases-2019-tax-returns-hours-before-first-presidential-debate,1601428444.0
"Kushner's axed coronavirus team shied away from a national strategy, believing the virus was hitting Democratic states hardest and they could blame the governors, report says",nclobo,75753,https://www.businessinsider.com/kushner-covid-19-plan-maybe-axed-for-political-reasons-report-2020-7,1596223982.0
Nancy Pelosi won’t send the articles of impeachment to the Senate until she feels they’ll get a fair hearing.,Harvickfan4Life,75639,https://www.vice.com/en_us/article/3a8z5w/nancy-pelosi-just-made-a-major-impeachment-power-play,1576753518.0
"Iraqi Parliament Votes to Expel All American Troops and Submit UN Complaint Against US for Violation of Sovereignty. ""What happened was a political assassination. Iraq cannot accept this.""",DaFunkJunkie,75608,https://www.commondreams.org/news/2020/01/05/iraqi-parliament-votes-expel-all-american-troops-and-submit-un-complaint-against-us,1578265059.0
Megathread: FBI Announces They’ve Foiled a Plot to Kidnap Michigan Governor Whitmer,PoliticsModeratorBot,75565,https://www.reddit.com/r/politics/comments/j7gppm/megathread_fbi_announces_theyve_foiled_a_plot_to/,1602204799.0
The White House Knew Trump Had Likely Been Exposed to the Virus. He Traveled and Held Events Anyway.,hildebrand_rarity,75345,https://slate.com/news-and-politics/2020/10/trump-knew-exposed-maskless-campaign-trail-hope-hicks-showing-symptoms.html,1601662329.0
Mattis tears into Trump: 'We are witnessing the consequences of three years without mature leadership',fishmister7,75307,https://www.cnn.com/2020/06/03/politics/mattis-statement-trump/index.html,1591252509.0
#FireTrumpNotFauci Trends After President Goes After Trusted Infectious Disease Official,idarknight,75265,https://www.commondreams.org/news/2020/04/13/firetrumpnotfauci-trends-after-president-goes-after-trusted-infectious-disease,1586811420.0
Video of Mike Pence Saying ‘Foreign Governments Cannot Participate in the American Political Process’ Goes Viral After Trump-Ukraine Scandal,thesesforty-three,75232,https://ijr.com/mike-pence-foreign-governments-politics-viral/,1570317361.0
"USPS Board Chairman Revealed as Director of Mitch McConnell, Trump-Linked Super PACs",FriesWithThat,75193,https://truthout.org/articles/usps-board-chairman-revealed-as-director-of-mcconnell-trump-linked-super-pacs/,1598941020.0
'Just Comes Right Out and Says It': Trump Declares Postal Service Can't Handle Mail-In Voting Because He's Blocking Funding,melinda2020,75129,https://www.commondreams.org/news/2020/08/13/just-comes-right-out-and-says-it-trump-declares-postal-service-cant-handle-mail,1597343007.0
The Trump campaign is reportedly 'discussing contingency plans to bypass election results',ohnoh18,75050,https://theweek.com/speedreads/939191/trump-campaign-reportedly-discussing-contingency-plans-bypass-election-results,1600906187.0
Fact check: McConnell claims Obama didn't leave Trump a pandemic 'game plan.' Obama left a 69-page playbook,jigsawmap,74909,https://www.cnn.com/2020/05/12/politics/fact-check-mcconnell-obama-trump-game-plan/index.html,1589340372.0
"Reporter to Trump: ""Do you regret all of the lying you have done to the American people?""",Aplay1,74841,https://www.axios.com/trump-lying-reporter-6cf1cc32-4471-4a68-8cbf-2c03bf29d78c.html,1597386347.0
"Federal Judge, After Reading the Unredacted Mueller Report, Orders DOJ to Explain Itself at Hearing",Twoweekswithpay,74833,https://lawandcrime.com/high-profile/federal-judge-after-reading-the-unredacted-mueller-report-orders-doj-to-explain-itself-at-hearing/amp/?__twitter_impression=true,1591690333.0
White House claims Trump hasn't seen video of supporters firing paintballs at protesters despite retweeting it,grepnork,74511,https://www.independent.co.uk/news/world/americas/us-politics/portland-protests-maga-attack-paintball-trump-white-house-a9697616.html,1598926602.0
Megathread: Supreme Court Justice Ruth Bader Ginsburg Dies at 87,PoliticsModeratorBot,74502,https://www.reddit.com/r/politics/comments/ivhbrj/megathread_supreme_court_justice_ruth_bader/,1600501219.0
"'Deeply Disturbing': New York Supreme Court Judge Rules Protesters Can Be Detained Indefinitely. ""This is suspension of habeas corpus, it is unconstitutional,"" said Rep. Alexandria Ocasio-Cortez",jigsawmap,74358,https://www.commondreams.org/news/2020/06/05/deeply-disturbing-new-york-supreme-court-judge-rules-protesters-can-be-detained,1591401359.0
It Should Terrify You That Senators Are Dumb Enough To Think No One Would Notice Them Dumping Their Stocks,,74321,https://abovethelaw.com/2020/03/it-should-terrify-you-that-senators-are-dumb-enough-to-think-no-one-would-notice-them-dumping-their-stocks/amp/?__twitter_impression=true,1585547265.0
"Family of Tom Petty issues Cease and Desist to Trump's campaign after Tulsa rally. They said the president cannot use the song ""I Won't Back Down"" to further a campaign that leaves Americans and common sense behind.",mresm,74320,https://www.wtsp.com/mobile/article/news/politics/national-politics/tom-petty-issues-cease-and-desist-to-president-trump/67-6db275ee-35b4-48ca-837a-29477b3f35e3,1592739999.0
Ocasio-Cortez calls for 'answers' after Epstein found dead in jail cell,PsychSiren,74206,https://thehill.com/homenews/house/456949-ocasio-cortez-calls-for-answers-after-epstein-found-dead-in-jail-cell,1565476881.0
The White House is reportedly hoping Americans 'will grow numb' to the COVID-19 death toll,derekbrokeitagain,74083,https://theweek.com/speedreads/923821/white-house-reportedly-hoping-americans-grow-numb-covid19-death-toll,1594077351.0
"Bernie Sanders says he's staying in race, looks forward to debating Joe Biden",bluestblue,73928,https://www.axios.com/bernie-sanders-staying-in-2020-election-joe-biden-09cf48c4-d0b7-4768-80f0-5db85aa3ebc9.html,1583975560.0
Trump ‘didn’t know people died from the flu.’ It killed his grandfather.,,73873,https://www.washingtonpost.com/history/2020/03/07/flu-trump-grandfather-death-coronavirus/,1583637541.0
"Majority says Election Day should be a federal holiday, poll finds",Bogartsboss,73860,https://thehill.com/hilltv/what-americas-thinking/415065-majority-say-election-day-should-be-a-federal-holiday-poll,1541553368.0
Obama: If Republicans really cared about Clinton's emails they would be 'up in arms' over Trump's iPhone,Bogartsboss,73851,https://thehill.com/blogs/blog-briefing-room/news/413423-obama-if-republicans-cared-about-clintons-emails-they-would-be,1540619753.0
"'A Really Chilling Moment': Trump Refuses to Allow Dr. Fauci to Answer Question on Dangers of Hydroxychloroquine— ""This is unacceptable. Dr. Fauci, one of the world's top infectious disease scientists, was just censored live at a White House press conference.""",DonnyMoscow1,73838,https://www.commondreams.org/news/2020/04/06/really-chilling-moment-trump-refuses-allow-dr-fauci-answer-question-dangers,1586195529.0
"Trump had a meltdown and yelled at aides backstage when he realised how empty his rally in Tulsa was, reports say",,73777,https://www.businessinsider.com/trump-yelled-aides-when-he-saw-empty-tulsa-rally-was-2020-6,1592851002.0
Fauci says outbreak exploding because US didn’t shut down,Susan_Sto-Helit,73719,https://www.mercurynews.com/2020/07/13/fauci-says-outbreak-exploding-because-us-didnt-shut-down/,1594693637.0
"Biden: QAnon is ‘bizarre’ and ‘embarrassing,’ supporters should seek mental health treatment",hildebrand_rarity,73700,https://www.politico.com/news/2020/09/04/biden-qanon-bizarre-embarrassing-409090,1599272340.0
"Andrew Yang: What good are record-high profits if we have record-high stress, anxiety, student loan debt",WendyPeffercorn6789,73698,https://www.cnbc.com/2019/12/20/andrew-yang-on-record-high-stress-student-loan-debt.html,1576893463.0
"In a loss for Trump, judge says woman who accused him of rape can proceed with defamation suit",skl692,73663,https://www.washingtonpost.com/national-security/jean-carroll-trump-lawsuit/2020/08/06/ef4b10f2-d82f-11ea-aff6-220dd3a14741_story.html?utm_medium=social&utm_source=twitter&utm_campaign=wp_main,1596794532.0
Sanders overtakes Biden in New Hampshire poll,dank-nuggetz,73567,https://thehill.com/homenews/campaign-polls/457235-sanders-overtakes-biden-in-new-hampshire-poll,1565740329.0
"Say It Under Oath, Asshole",cogit4se,73508,https://www.motherjones.com/politics/2020/06/john-bolton-donald-trump-ukraine-impeachment-china/,1592471240.0
"Maloney Introduces Legislation to Save the Open Internet, Block FCC Rollback of Net Neutrality",brashendeavors,73447,https://seanmaloney.house.gov/media-center/press-releases/maloney-introduces-legislation-to-save-the-open-internet-block-fcc,1512867333.0
The pandemic has made this much clear: those running the US have no idea what it costs to live here,thefunkylemon,73393,https://www.newstatesman.com/world/north-america/2020/04/pandemic-has-made-much-clear-those-running-us-have-no-idea-what-it-costs,1588196072.0
Trump loses 2 pivotal allies in his anti-kneeling crusade: NASCAR and the NFL,mostaksaif,73381,https://www.politico.com/news/2020/06/14/trump-nfl-nascar-kneeling-crusade-316528,1592162912.0
Trump: 'Nobody likes me',115MRD,73297,https://theweek.com/speedreads/928057/trump-nobody-likes,1596009395.0
Trump threatens White House protesters with 'vicious dogs and most ominous weapons',UncleToddsCabin,73277,https://www.independent.co.uk/news/world/americas/us-politics/trump-twitter-george-floyd-death-protests-white-house-dogs-guns-a9540216.html,1590872557.0
Cards Against Humanity buys plot of land on U.S./Mexico border to block border wall,Bammerice,73173,http://www.khq.com/story/36844143/cards-against-humanity-buys-plot-of-land-on-usmexico-border-to-block-border-wall,1510728791.0
Megathread: Federal Judge Rules President Trump Must Turn Over Eight Years Of Personal And Corporate Tax Returns,PoliticsModeratorBot,73106,https://www.reddit.com/r/politics/comments/dejfnt/megathread_federal_judge_rules_president_trump/,1570483672.0
"Putting Trump's name on stimulus checks is ""abuse of government resources,"" says president of IRS managers association",screaming_librarian,73098,https://www.newsweek.com/trump-name-stimulus-checks-irs-treasury-1497952,1586976409.0
A new Trump campaign ad depicting a police officer being attacked by protesters is actually a 2014 photo of pro-democracy protests in Ukraine,Creddit999,73024,https://www.businessinsider.com/trump-campaign-ad-police-officer-attacked-2014-ukraine-protests-2020-7,1595450769.0
"Insurance Industry Corrects Trump: Actually, We're Only Waiving Copays for Coronavirus Testing, Not Treatment; ""Heaven forbid they miss a chance to bankrupt sick people.""",Thinkingonsleeping,73010,https://www.commondreams.org/news/2020/03/12/insurance-industry-corrects-trump-actually-were-only-waiving-copays-coronavirus,1584037677.0
"AOC Wants to Know Why the Hell a Predator Drone Was Spying on Protesters | The military-grade ""Predator B"" drone was far outside the 100-mile inland operational zone of Customs and Border Protection.",ohnoh18,72976,https://www.vice.com/en_us/article/bv8n4a/aoc-wants-to-know-why-the-hell-a-predator-drone-was-spying-on-protesters,1591669810.0
Do not be fooled by the polling. Donald Trump could very well win a second term,optimisticOG44,72936,https://www.newstatesman.com/international/places/2020/08/do-not-be-fooled-polling-donald-trump-could-very-well-win-second-term,1598472736.0
"""F-35s Don't Help Families Pay Their Bills"": GOP Under Fire for Slipping $30 Billion Pentagon Gift Into Coronavirus Bill",tomassfoolery,72908,https://www.commondreams.org/news/2020/07/28/f-35s-dont-help-families-pay-their-bills-gop-under-fire-slipping-30-billion-pentagon,1595980952.0
Elijah Cummings 'signed subpoenas from his hospital bed' for Trump impeachment before his death,Austin63867,72871,https://www.independent.co.uk/news/world/americas/us-politics/elijah-cummings-trump-impeachment-death-subpoena-house-investigation-baltimore-a9160436.html?utm_medium=Social&utm_source=Twitter&utm_medium=Social&utm_source=Twitter&__twitter_impression=true,1571365973.0
Senator McConnell Must Recuse - The Senator Has Already Violated His Oath as a Juror,nnnarbz,72857,https://demings.house.gov/media/press-releases/senator-mcconnell-must-recuse,1576290075.0
Biden on Trump sharing video of protester shouting 'white power': He 'has picked a side',Balls_of_Adamanthium,72793,https://thehill.com/homenews/campaign/504933-biden-on-trump-sharing-video-of-protester-shouting-white-power-he-has,1593398192.0
A Message to PBS: Televise the Trump Impeachment Hearings for All to See,wonderingsocrates,72766,https://www.commondreams.org/views/2019/11/08/message-pbs-televise-trump-impeachment-hearings-all-see,1573247666.0
20 leading economists just signed a letter arguing Medicare for All would generate massive savings for American families,Plymouth03,72737,https://markets.businessinsider.com/news/stocks/medicare-for-all-leading-economists-sign-letter-massive-savings-cost-2020-3-1028982592,1583898877.0
"Trump Campaign Secretly Paying $180,000 A Year To His Sons’ Significant Others | Lara Trump and Kimberly Guilfoyle are each receiving $15,000 per month through the campaign manager’s private company, GOP sources said, to dodge FEC rules.",nclobo,72719,https://www.huffpost.com/entry/trump-secret-payments-sons-wife-girlfriend_n_5e9a1c46c5b635d25d6c747a,1587192135.0
"Trump, who told Obama to resign after one Ebola death, calls 160,000 COVID-19 deaths ""fantastic job""",bluestblue,72639,https://www.salon.com/2020/08/11/trump-who-told-obama-to-resign-after-one-ebola-death-calls-160000-covid-19-deaths-fantastic-job/,1597209834.0
The US stock market has now wiped out the entire $11.5 trillion of value it gained since Trump's 2016 election victory,AdventurousScientist,72545,https://markets.businessinsider.com/news/stocks/stock-market-outlook-2016-trump-win-gains-erased-coronavirus-risks-2020-3-1028991585,1584085316.0
US spies say the Hunter Biden email controversy shows how 'exploitable' and 'grotesquely vulnerable' Trump and Giuliani are to Russian intelligence,Twoweekswithpay,72398,https://www.businessinsider.com/spies-hunter-biden-emails-trump-giuliani-vulnerable-russian-intelligence-2020-10,1602994429.0
Trump Livid After California Allows Statewide Mail-In Voting: ‘These Votes Must Not Count’,Twoweekswithpay,72374,https://talkingpointsmemo.com/news/trump-livid-after-california-allows-statewide-mail-in-voting-these-votes-must-not-count,1589076013.0
Cuomo Reminds McConnell That KY Takes More Money Than NY: ‘Who’s Getting Bailed Out Here?’,Twoweekswithpay,72240,https://talkingpointsmemo.com/news/cuomo-reminds-mcconnell-new-york-pays-more-kentucky-state-bailout,1587693436.0
"Trump Blames Biden, Who Isn't President, For Not Instituting Mask Mandate | “To be clear: I am not currently president,” Biden wrote moments later. “But if you chip in now, we can change that.”",dingo8yobb,72172,https://m.huffpost.com/us/entry/us_5f617ac9c5b68d1b09c9541a?ncid=APPLENEWS00001,1600258492.0
Bernie Sanders Wins the Nevada Caucuses,jigsawmap,72094,https://www.motherjones.com/2020-elections/2020/02/bernie-sanders-nevada-caucus/,1582446807.0
"Trump Just Removed the IG Investigating Elaine Chao. Chao’s Husband, Mitch McConnell, Already Vetted the Replacement.",stetoe,72086,https://www.citizensforethics.org/trump-removed-watchdog-investigating-elaine-chao-mcconnell-vetted-replacement/,1589956565.0
"Megathread: Trump adviser Roger Stone guilty on all seven counts of lying to congress, obstruction and witness tampering in relation to the Russia probe",PoliticsModeratorBot,72035,https://www.reddit.com/r/politics/comments/dwti6n/megathread_trump_adviser_roger_stone_guilty_on/,1573865707.0
Trump calls mail-in ballots 'dishonest' but says absentee ballots are 'fine.' They're the same thing.,TheWeekMag,71962,https://theweek.com/speedreads/924774/trump-calls-mailin-ballots-dishonest-but-says-absentee-ballots-are-fine-theyre-same-thing,1594417978.0
'The Public Deserves to Know': Lone Watchdog Demands Federal Reserve Release Names of Corporations Receiving Taxpayer Bailouts,newnemo,71955,https://www.commondreams.org/news/2020/04/16/public-deserves-know-lone-watchdog-demands-federal-reserve-release-names,1587068421.0
Most Americans Say This Is Lowest Point in U.S. History in Living Memory,,71917,https://www.newsweek.com/most-americans-say-this-lowest-point-us-history-living-memory-1512072,1592595660.0
"Susan Collins has failed the people of Maine and this country. She has voted to confirm Trump’s judicial nominees, approve tax cuts for the rich, and has repeatedly chosen to put party before people. I am running to send her packing. I’m Betsy Sweet, and I am running for U.S. Senate in Maine. AMA.",BetsySweet,71854,https://www.reddit.com/r/politics/comments/eizr6l/susan_collins_has_failed_the_people_of_maine_and/,1578008483.0
Federal Prosecutors ‘Concluded that President of the United States Committed a Felony’,progress18,71736,https://lawandcrime.com/high-profile/federal-prosecutors-concluded-that-president-of-the-united-states-committed-a-felony/,1544251618.0
"Dwayne Johnson Endorses Presidential Candidate for First Time, Supports Joe Biden and Kamala Harris",Dooraven,71727,https://people.com/politics/dwayne-johnson-endorses-joe-biden-kamala-harris/,1601238828.0
"'My God,' Says US Senator After William Barr Deploys 'History Is Written by the Winners' Trope | ""The head of the American justice system now saying publicly that there is no good or bad except what the strongest want. The definition of autocracy.""",Fr1sk3r,71656,https://www.commondreams.org/news/2020/05/08/my-god-says-us-senator-after-william-barr-deploys-history-written-winners-trope,1588971272.0
Trump ad asks people to support the troops. But it uses a picture of Russian jets,trifecta,71633,https://www.politico.com/news/2020/09/14/trump-ad-asks-people-to-support-the-troops-but-it-uses-a-picture-of-russian-jets-414883,1600158136.0
Sanders says he'll enact national drinking water standards,puppuli,71607,https://apnews.com/f84ccb6367bf32ff88c51731835e5c13,1577842238.0
"Medical Journal Urges American Voters to Not Re-Elect Trump, Slams Him for Coronavirus Response",Reddit_guard,71589,https://people.com/politics/medical-journal-urges-american-voters-to-not-re-elect-donald-trump/,1589785725.0
"Mueller Subpoenas Trump Organization, Demanding Documents About Russia",throwaway5272,71583,https://www.nytimes.com/2018/03/15/us/politics/trump-organization-subpoena-mueller-russia.html,1521164823.0
"Romney, once party standard-bearer, is now the lone GOP voice willing to stand up to Trump",snova56,71564,https://www.cnn.com/2020/06/09/politics/mitt-romney-voice-republican-party/index.html,1591779507.0
"""Disturbing"" memo reveals Trump's USPS chief has slowed delivery amid calls to expand voting by mail",SwingJay1,71532,https://www.salon.com/2020/07/15/disturbing-memo-reveals-trumps-usps-chief-has-slowed-delivery-amid-calls-to-expand-voting-by-mail/,1594885476.0
"Watch: In Fiery Floor Speech, Sanders Rips GOP for Relentless Efforts to 'Punish' Poor People — ""Meanwhile, these very same folks had no problem a couple years ago voting for a trillion dollars in tax breaks for billionaires and large profitable corporations. Not a problem.""",chris-jjj,71471,https://www.commondreams.org/news/2020/03/26/watch-fiery-floor-speech-sanders-rips-gop-relentless-efforts-punish-poor-people,1585251018.0
Texas Republicans call on county GOP chair to resign for saying Floyd's death was staged,Plainchant,71403,https://thehill.com/homenews/state-watch/501193-texas-republicans-call-on-county-gop-chair-to-resign-for-saying-floyds,1591327518.0
"Trump falsely claims 'thousands' of forgeries on mail-in ballots, despite his own commission not finding a single case of fraud",myt0mmy,71293,https://www.independent.co.uk/news/world/americas/us-politics/trump-2020-election-mail-in-ballots-vote-fraud-forgeries-a9530661.html,1590369521.0
CNN Poll: Most Americans embarrassed by US response to coronavirus,Jeffmister,71202,https://www.cnn.com/2020/08/19/politics/cnn-poll-us-coronavirus-response-embarrassed/index.html,1597860408.0
Jon Stewart says police are basically a 'border patrol' between 'two Americas' who exist to perpetuate segregation,Sarbat_Khalsa,71175,https://www.businessinsider.com/jon-stewart-police-are-a-border-patrol-who-perpetuate-segregation-2020-6,1592277076.0
Trump reportedly invited a waiter into a top secret intelligence briefing room to order a milkshake,TheWeekMag,71130,https://theweek.com/speedreads/944607/trump-reportedly-invited-waiter-into-secret-intelligence-briefing-room-order-milkshake,1603149662.0
"Senate bill to reverse net neutrality repeal gains 30th co-sponsor, ensuring floor vote",They_always_watch,71085,http://thehill.com/policy/technology/367929-senate-bill-to-reverse-net-neutrality-repeal-wins-30th-co-sponsor-ensuring,1515464380.0
Colorado’s Progressive Governor and Legislature Just Ended Qualified Immunity for Police Officers,muchogustofuckyou,71003,https://lawandcrime.com/george-floyd-death/colorados-progressive-governor-and-legislature-just-ended-qualified-immunity-for-police-officers/,1592623956.0
Police arrest Proud Boy member on assault and gun charges hours after Trump refuses to denounce white supremacy,beIIe-and-sebastian,70957,https://www.independent.co.uk/news/world/americas/proud-boy-donald-trump-charged-assault-guns-white-supremacist-debate-biden-alan-swinney-b723887.html,1601530560.0
Jonathan Swan reveals the simple secret to exposing Trump's lies: basic follow-up questions,freddiethebaer,70904,https://www.cnn.com/2020/08/04/politics/fact-check-jonathan-swan-axios-hbo-interview-trump-coronavirus/index.html,1596596397.0
Eric Trump cancels event at Michigan gun shop after former employee is linked to domestic terror plot against governor,BertramPotts,70845,https://www.clickondetroit.com/news/local/2020/10/12/eric-trump-cancels-event-at-michigan-gun-shop-after-former-employee-is-linked-to-domestic-terror-plot-against-governor/,1602561495.0
"Megathread: Trump, Biden to have microphones muted for part of final U.S. presidential debate",PoliticsModeratorBot,70839,https://www.reddit.com/r/politics/comments/jef1hg/megathread_trump_biden_to_have_microphones_muted/,1603183888.0
Mensa offers to host IQ test for Trump and Tillerson,Trumps-is-a-Bitch,70822,http://thehill.com/blogs/in-the-know/in-the-know/354718-mensa-offers-to-host-iq-test-for-trump-and-tillerson,1507681658.0
The sheriff fired her because she’s a lesbian so she ran for his office. She demolished him.,HyacinthFT,70744,https://www.lgbtqnation.com/2020/04/sheriff-fired-shes-lesbian-ran-office-demolished/,1588297305.0
Susan Collins helped cripple the USPS: Now Maine farmers are getting dead baby chicks in the mail,Mamacrass,70701,https://www.salon.com/2020/08/21/susan-collins-helped-cripple-the-usps-now-maine-farmers-are-getting-dead-baby-chicks-in-the-mail/,1598037135.0
Sanders: 'Your $8.99 Netflix subscription is more than the company paid in federal income taxes',Conells,70684,https://thehill.com/homenews/campaign/471184-sanders-your-899-netflix-subscription-is-more-than-the-company-paid-in,1574233104.0
Kamala Harris Said Biden Administration Would Decriminalize Marijuana,Jennysequoia,70581,https://www.teenvogue.com/story/kamala-harris-joe-biden-administration-decriminalize-marijuana,1600232214.0
Biden notes 'the violence we're witnessing is happening under Donald Trump. Not me.',DaFunkJunkie,70554,https://theweek.com/speedreads/934360/biden-notes-violence-witnessing-happening-under-donald-trump-not,1598615531.0
Bernie Sanders says he would legalize marijuana on his first day as president,Crawl-Walk-Run,70490,https://www.metrotimes.com/detroit/bernie-sanders-says-he-would-legalize-marijuana-on-his-first-day-as-president/Content?oid=23762782,1580788475.0
"Man who spent weekend in a bunker demands ""weak"" governors ""dominate"" protesters",Balls_of_Adamanthium,70479,https://www.vanityfair.com/news/2020/06/man-who-spent-the-weekend-in-a-bunker-demands-weak-governors-dominate-protesters,1591066626.0
Donald Trump Refused to Denounce White Supremacists. That's It.,zsreport,70442,https://www.esquire.com/news-politics/a34214725/trump-proud-boys-stand-by-denounce-white-supremacists/,1601492634.0
Trump shares video of 'great people' shouting 'white power' at protesters,Fr1sk3r,70365,https://www.independent.co.uk/news/world/americas/trump-white-power-protesters-twitter-video-florida-a9589921.html,1593378512.0
Keep Audiences Out of Debates—Forever,chiaconan,70371,https://slate.com/news-and-politics/2020/03/debate-audience-coronavirus-biden-sanders.html?via=rss,1584414016.0
Trump Has ‘Financial Interest’ in Hydroxychloroquine Manufacturer: NYT,DAXTrading,70342,https://www.thedailybeast.com/trump-reportedly-has-financial-interest-in-hydroxychloroquine-manufacturer,1586287805.0
Lindsey Graham's Challenger Jaime Harrison Takes Narrow Lead in New Poll,hildebrand_rarity,70223,https://www.newsweek.com/lindsey-graham-challenger-jaime-harrison-narrow-lead-south-carolina-1539358,1602788986.0
Democrat calls for delaying Barrett hearing after CNN uncovers 7 undisclosed talks she gave,DaFunkJunkie,70195,https://theweek.com/speedreads/943857/democrat-calls-delaying-barrett-hearing-after-cnn-uncovers-7-undisclosed-talks-gave,1602800702.0
Calls intensify for resignation of Michigan sheriff who shared stage with militia.,courier1b,70197,https://www.mlive.com/news/grand-rapids/2020/10/calls-intensify-for-resignation-of-michigan-sheriff-who-shared-stage-with-militia.html,1602482105.0
Investigation launched into Trump’s 'political interference' in CDC and FDA's coronavirus work,hildebrand_rarity,70171,https://www.independent.co.uk/news/world/americas/us-politics/trump-coronavirus-cdc-fda-investigation-covid-19-b1160766.html,1603161290.0
TikTok users are trying to troll Trump's campaign by reserving tickets for Tulsa rally they'll never use,mresm,70160,https://www.cnn.com/2020/06/16/politics/tiktok-trump-tulsa-rally-trnd/,1592356426.0
Elizabeth Warren proposes a lifetime lobbying ban for major government officials,TheWeekMag,70098,https://theweek.com/speedreads/865277/elizabeth-warren-proposes-lifetime-lobbying-ban-major-government-officials,1568683850.0
"Americans are the dangerous, disease-carrying foreigners now",DaFunkJunkie,70058,https://www.washingtonpost.com/outlook/2020/07/08/covid-travel-bans-americans/,1594260685.0
Sen. Kelly Loeffler Dumped Millions in Stock After Coronavirus Briefing,Mateony,70019,https://www.thedailybeast.com/sen-kelly-loeffler-dumped-millions-in-stock-after-coronavirus-briefing,1584694317.0
Russiagate Was Not a Hoax | The Senate Select Committee on Intelligence confirmed what the Mueller report could not.,hildebrand_rarity,69908,https://www.theatlantic.com/ideas/archive/2020/08/russiagate-wasnt-a-hoax/615373/,1597873799.0
"Louis Gohmert, who refused to wear a mask, tests positive for coronavirus",RevRickee,69796,https://www.politico.com/news/2020/07/29/louis-gohmert-who-refused-to-wear-a-mask-tests-positive-for-coronavirus-386076,1596060719.0
"Sanders: 'Obviously I am not a communist,' but maybe Trump 'doesn't know the difference'",DaFunkJunkie,69768,https://thehill.com/homenews/sunday-talk-shows/482214-sanders-obviously-i-am-not-a-communist-but-maybe-trump-doesnt-know,1581290155.0
Trump refuses to denounce white supremacism and instead tells Proud Boys to ‘stand back and stand by',rebelliousmuse,69705,https://www.independent.co.uk/news/world/americas/us-election/trump-proud-boys-white-supremacism-presidential-debate-biden-b707607.html,1601463070.0
The worst president. Ever.,mepper,69641,https://www.washingtonpost.com/opinions/2020/04/05/worst-president-ever/,1586122504.0
"Obama Slams Dropping Of Michael Flynn Case, Calls White House COVID-19 Response 'Absolute Chaotic Disaster'",sketch24,69564,https://www.newsweek.com/obama-trump-flynn-biden-1502905,1589051180.0
"Trump’s medical bill would cost an average American citizen at least $100k, report says",beefwbroccoli,69560,https://www.independent.co.uk/news/world/americas/us-politics/trump-medical-bill-hospital-treatment-cost-healthcare-coronavirus-b863454.html,1602127340.0
"More than 800K physicians beg Trump to let experts, not holidays, determine when public gatherings are safe again",a_very_nice_username,69537,https://www.nydailynews.com/coronavirus/ny-coronavirus-doctors-physicians-trump-doctors-easter-quarantine-20200328-wq5crqvwrbgrbb62mor7oct4t4-story.html,1585416904.0
"Ruth Bader Ginsburg says she is starting 2020 ""cancer free""",Fr1sk3r,69402,https://www.axios.com/ruth-bader-ginsberg-cancer-free-735e1544-051f-44e3-8984-3ab4fa13811b.html,1578544595.0
"Donald Trump Is Now ‘America’s Number One Traitor,’ Says Veterans Group | “Benedict Arnold can step aside,” VoteVets says in its latest anti-Trump attack ad",hildebrand_rarity,69399,https://m.huffpost.com/us/entry/us_5f003c3bc5b612083c5c90fa,1593888269.0
AOC defeats primary challenger Michelle Caruso-Cabrera,Somali_Pir8,69333,https://www.axios.com/aoc-primary-challenger-michelle-caruso-cabrera-8b2ed6c1-3aaf-4fdf-ab8c-4d33b3e1b1b6.html?utm_source=twitter&utm_medium=social&utm_campaign=onhrs,1592996691.0
"Dem introduces bills to eliminate electoral college, stop presidents from pardoning themselves",Ayrane,69319,https://thehill.com/homenews/house/423810-dem-introduces-bills-to-eliminate-electoral-college-stop-presidents-from,1546597862.0
